"rep_i","rep_j","RF","wRF","path","nodal"
1,2,0.238095238095238,0.174284541267507,0.625455808633559,0.645631378977951
1,3,0.333333333333333,0.141515905768601,0.691366343832015,0.586867736198983
1,4,0.380952380952381,0.14427425093432,0.763968454022899,0.445124518676362
1,5,0.380952380952381,0.154412412603074,0.873797466566833,0.662549600781694
1,6,0.285714285714286,0.0865844149826148,0.588142797019172,0.301294037364125
1,7,0.428571428571429,0.184422861477333,0.841531996200341,0.664904016974406
1,8,0.285714285714286,0.123827099555755,0.665407616125247,0.45201188366861
1,9,0.380952380952381,0.135515376688299,0.656845903451109,0.467167525984905
1,10,0.333333333333333,0.129243947961811,0.583849726509017,0.217008949864684
1,11,0.238095238095238,0.127599565762683,0.571877631278959,0.648045920438847
1,12,0.333333333333333,0.11414622056443,0.613270437026617,0.330857861516448
1,13,0.285714285714286,0.163419817048736,0.687717947157676,0.755299270628419
1,14,0.428571428571429,0.147619026597893,0.729435035968326,0.545919473081932
1,15,0.380952380952381,0.111148778388499,0.668237143911609,0.266017065085147
1,16,0.333333333333333,0.136710899547437,0.583849726509017,0.303781495141412
1,17,0.428571428571429,0.190721665030483,0.799370821766609,0.756693313543225
1,18,0.285714285714286,0.133456257805552,0.705771356423006,0.639825705926781
1,19,0.285714285714286,0.151365677962903,0.622431830522668,0.986921764937057
1,20,0.333333333333333,0.16094615294694,0.625455808633559,0.635048530853643
1,21,0.285714285714286,0.120291635936967,0.650108844297601,0.651943178950064
1,22,0.333333333333333,0.145168700416077,0.726843784311631,0.578455862226806
1,23,0.238095238095238,0.124364781321822,0.610186073280239,0.667323132964398
1,24,0.428571428571429,0.145546919366276,0.911146903218841,0.7033636060174
1,25,0.333333333333333,0.137831133299523,0.583849726509017,0.451989893857911
1,26,0.333333333333333,0.149784621830651,0.726843784311631,0.586604997712469
1,27,0.285714285714286,0.15504764374994,0.5795248541726,0.756910776038036
1,28,0.285714285714286,0.120634123025193,0.534354368556081,0.496786612973259
1,29,0.285714285714286,0.125896983170185,0.534354368556081,0.582339004510124
1,30,0.333333333333333,0.119402749194667,0.686802819743445,0.440268101936733
2,3,0.238095238095238,0.137601739924619,0.552865605150556,0.410381208719922
2,4,0.380952380952381,0.179672332582852,0.686802819743445,0.601214008011743
2,5,0.428571428571429,0.173318872702789,0.860013163567532,0.335877516834343
2,6,0.428571428571429,0.200458090637577,0.7962174728998,0.635571917689712
2,7,0.476190476190476,0.217135326613983,0.857082956876727,0.423088179900729
2,8,0.333333333333333,0.172250620939903,0.633449178415459,0.415774517941663
2,9,0.428571428571429,0.20702748680909,0.726843784311631,0.61596191432696
2,10,0.333333333333333,0.234439020629051,0.712864714114067,0.64498774515856
2,11,0.380952380952381,0.233705047362456,0.801727694168964,0.817639590174623
2,12,0.428571428571429,0.170049192851305,0.783477171324999,0.783227905410773
2,13,0.380952380952381,0.182423972226276,0.725977978424437,0.600459798192148
2,14,0.428571428571429,0.225081483447062,0.7962174728998,0.579650975645066
2,15,0.380952380952381,0.228680519113786,0.750681032515553,0.752027803626555
2,16,0.333333333333333,0.159941746917885,0.712864714114067,0.648480736774923
2,17,0.380952380952381,0.195911813988313,0.686802819743445,0.617131690804208
2,18,0.142857142857143,0.14839036084353,0.479779823716341,0.346045743375564
2,19,0.380952380952381,0.211670025516515,0.739709274864629,0.973188300976397
2,20,0.476190476190476,0.260472467216439,0.821105252984042,0.832138941940633
2,21,0.238095238095238,0.156922126923026,0.552865605150556,0.581452733537978
2,22,0.333333333333333,0.164200450651711,0.645253594533081,0.466172491730748
2,23,0.428571428571429,0.235400407497789,0.885238837118062,0.86288013583867
2,24,0.476190476190476,0.225800906091012,0.977096198504567,0.783507546962278
2,25,0.380952380952381,0.231918919129666,0.750681032515553,0.675737614111674
2,26,0.428571428571429,0.212910313560531,0.763144768118683,0.564186233161488
2,27,0.380952380952381,0.251726721815677,0.750681032515553,0.903572072871753
2,28,0.380952380952381,0.221676482649646,0.750681032515553,0.674993858363916
2,29,0.380952380952381,0.226772408668017,0.750681032515553,0.79294679132032
2,30,0.380952380952381,0.192625544346566,0.750681032515553,0.588055731177193
3,4,0.238095238095238,0.137387515995922,0.526050909844691,0.463076500339531
3,5,0.380952380952381,0.139624144506909,0.782674016658405,0.414408441193194
3,6,0.380952380952381,0.146076587778326,0.660664807161229,0.464173628093542
3,7,0.380952380952381,0.186720080130603,0.645253594533081,0.536479427014108
3,8,0.285714285714286,0.123553380623135,0.511502903340525,0.316616866859342
3,9,0.476190476190476,0.181463265021465,0.792258137209611,0.45220360104902
3,10,0.333333333333333,0.173496985141844,0.708439688648815,0.555220015760688
3,11,0.380952380952381,0.197512874528406,0.705771356423006,0.700066195507276
3,12,0.285714285714286,0.144669465311831,0.732875786364234,0.622797982598773
3,13,0.333333333333333,0.144531154699055,0.597689471550667,0.565252502417823
3,14,0.380952380952381,0.184523711909339,0.732875786364234,0.535584384218425
3,15,0.333333333333333,0.176645065119801,0.708439688648815,0.637215579077635
3,16,0.19047619047619,0.139022046507882,0.5795248541726,0.539321866518336
3,17,0.19047619047619,0.161957320476272,0.470514237615337,0.476001379200107
3,18,0.238095238095238,0.138445799552937,0.526050909844691,0.35396007958795
3,19,0.285714285714286,0.15834939998574,0.530811648599867,0.845376539240306
3,20,0.333333333333333,0.194436718651507,0.708439688648815,0.667503402202387
3,21,0.0952380952380952,0.082959192287618,0.332703808062624,0.245070420125356
3,22,0.238095238095238,0.0992598607054692,0.526050909844691,0.191131634672256
3,23,0.380952380952381,0.177128529901868,0.730296743340222,0.672027653399077
3,24,0.380952380952381,0.181722654242296,0.865843828060924,0.728853049729121
3,25,0.380952380952381,0.169258789978713,0.746480210322093,0.4249563133334
3,26,0.285714285714286,0.173248283412469,0.549442255794756,0.465564808453167
3,27,0.285714285714286,0.193607027267445,0.668237143911609,0.781275836458481
3,28,0.19047619047619,0.154171114250742,0.5795248541726,0.506728924621096
3,29,0.19047619047619,0.146662014112298,0.5795248541726,0.654674620827635
3,30,0.285714285714286,0.116473062249326,0.668237143911609,0.37121829754327
4,5,0.19047619047619,0.149991713226317,0.552865605150556,0.605140994317986
4,6,0.285714285714286,0.153662560144835,0.570776807098898,0.459840724945236
4,7,0.19047619047619,0.182309870846498,0.441552435684732,0.668250679737054
4,8,0.238095238095238,0.1425966451354,0.465136755436357,0.336070611522889
4,9,0.428571428571429,0.18953140100934,0.756522996362409,0.58089917895914
4,10,0.238095238095238,0.164997105849115,0.625455808633559,0.469218673187206
4,11,0.333333333333333,0.192772129534402,0.665407616125247,0.733083988906206
4,12,0.238095238095238,0.137004865879085,0.694090056325048,0.441558607846516
4,13,0.19047619047619,0.162519361030291,0.481088911616661,0.634912668498557
4,14,0.476190476190476,0.200381022429828,0.804859454897788,0.549075124140477
4,15,0.238095238095238,0.157189990642244,0.625455808633559,0.541280408888974
4,16,0.285714285714286,0.160299600584343,0.668237143911609,0.496518543542122
4,17,0.285714285714286,0.209834259133732,0.576259899436108,0.618195661109789
4,18,0.333333333333333,0.194756529608305,0.622431830522668,0.637673279245594
4,19,0.333333333333333,0.19043647450871,0.650108844297601,0.931451516254993
4,20,0.19047619047619,0.156869880397641,0.5795248541726,0.562184096434198
4,21,0.142857142857143,0.129800688744152,0.40747728261715,0.528059961369269
4,22,0.142857142857143,0.117446673249864,0.40747728261715,0.422730080686197
4,23,0.285714285714286,0.159627981854581,0.650108844297601,0.675067970432264
4,24,0.333333333333333,0.182239022034249,0.833270437878069,0.672146364081191
4,25,0.333333333333333,0.189048567812714,0.708439688648815,0.465403162310444
4,26,0.238095238095238,0.169765269541048,0.496528831492336,0.430568653953406
4,27,0.142857142857143,0.178621519141697,0.529625475835602,0.729540532093795
4,28,0.142857142857143,0.167923378177606,0.529625475835602,0.66548616802063
4,29,0.19047619047619,0.171342836452651,0.5795248541726,0.676267741745897
4,30,0.0952380952380952,0.104127949566186,0.474507357903334,0.318392206253585
5,6,0.238095238095238,0.139355311344575,0.630463541158059,0.60996266270894
5,7,0.285714285714286,0.162281186487966,0.698605979408571,0.380922411981296
5,8,0.238095238095238,0.130906418372789,0.683130051063973,0.393176558279191
5,9,0.476190476190476,0.188170553853828,0.824163383692134,0.607991395805373
5,10,0.428571428571429,0.201482718808182,0.845260556754562,0.637580184517605
5,11,0.333333333333333,0.192044321306832,0.782674016658405,0.775900533885865
5,12,0.285714285714286,0.152570178209189,0.845260556754562,0.790250308533406
5,13,0.285714285714286,0.126428628469846,0.792258137209611,0.530426296494821
5,14,0.476190476190476,0.183217734556462,0.900034939922757,0.58685440761851
5,15,0.333333333333333,0.170101991739301,0.747322263844545,0.747353859465673
5,16,0.285714285714286,0.151410582446238,0.709326902131909,0.667151618913629
5,17,0.333333333333333,0.151468844821034,0.715506593634602,0.540446991308711
5,18,0.428571428571429,0.141848775897245,0.817266497723898,0.293397553541366
5,19,0.333333333333333,0.161248273687389,0.729435035968326,0.901506094192434
5,20,0.285714285714286,0.188377260422908,0.680362463515593,0.781984461194504
5,21,0.285714285714286,0.124028733313921,0.708439688648815,0.549826397202821
5,22,0.285714285714286,0.129778091717248,0.645253594533081,0.452135720575301
5,23,0.380952380952381,0.171232633497127,0.817266497723898,0.809957867593851
5,24,0.333333333333333,0.181031771511484,0.953642470878972,0.758203491976396
5,25,0.333333333333333,0.179587471650263,0.747322263844545,0.637082491553037
5,26,0.333333333333333,0.175235249436042,0.801727694168964,0.528734475699717
5,27,0.238095238095238,0.203168910707419,0.638394211918718,0.860205790991118
5,28,0.333333333333333,0.173321630315329,0.777028689885811,0.667710967538126
5,29,0.285714285714286,0.173531028352566,0.740559027327312,0.76775898929286
5,30,0.285714285714286,0.127545976441557,0.680362463515593,0.56203934955243
6,7,0.333333333333333,0.188169190483817,0.622431830522668,0.636442763974843
6,8,0.333333333333333,0.145860418653047,0.641342930667347,0.432112107615805
6,9,0.380952380952381,0.15794549718524,0.634441268574515,0.324198214023107
6,10,0.380952380952381,0.146734820655559,0.567461521705527,0.317160801056382
6,11,0.0952380952380952,0.107985754577876,0.366866726439662,0.5013988737016
6,12,0.238095238095238,0.114479977308695,0.638394211918718,0.321942080485548
6,13,0.380952380952381,0.179136647178902,0.729435035968326,0.681124342243089
6,14,0.380952380952381,0.138712341161937,0.750681032515553,0.522618364468428
6,15,0.238095238095238,0.110651069516791,0.530811648599867,0.307329638303978
6,16,0.285714285714286,0.137399786303689,0.506560730401505,0.262510445163492
6,17,0.285714285714286,0.19014203998576,0.671991314708773,0.626958066089129
6,18,0.428571428571429,0.154694528998661,0.701301575195058,0.556137718223424
6,19,0.333333333333333,0.174477635012183,0.605010525403531,0.846838423578418
6,20,0.333333333333333,0.170514773098371,0.516397779494322,0.577475420035269
6,21,0.285714285714286,0.102660601931341,0.570776807098898,0.46249169669725
6,22,0.333333333333333,0.125936126010147,0.617358951884314,0.431718718266556
6,23,0.238095238095238,0.10245667888223,0.505317634710768,0.492278411226127
6,24,0.333333333333333,0.144152352178619,0.820338939001903,0.646716104312517
6,25,0.333333333333333,0.153959618885608,0.558524561263505,0.361226433041188
6,26,0.333333333333333,0.152356861695389,0.704879667682328,0.593609242374362
6,27,0.285714285714286,0.174740538517126,0.459696372312183,0.68458177399354
6,28,0.285714285714286,0.130776563974919,0.459696372312183,0.350933564786273
6,29,0.285714285714286,0.140473840938368,0.459696372312183,0.466191479111497
6,30,0.333333333333333,0.124617138291222,0.589211177185867,0.38120767214784
7,8,0.285714285714286,0.12992990091285,0.534354368556081,0.421505847181594
7,9,0.428571428571429,0.16367707333611,0.842279028745315,0.57839730556704
7,10,0.333333333333333,0.165614312736964,0.672926584910453,0.605570742559062
7,11,0.333333333333333,0.219571202919963,0.656845903451109,0.769987022866622
7,12,0.333333333333333,0.164518085557735,0.80564049288351,0.796260787024801
7,13,0.285714285714286,0.180858251814339,0.529625475835602,0.600894120256121
7,14,0.428571428571429,0.167316734111199,0.783477171324999,0.507078736254747
7,15,0.380952380952381,0.201473383844918,0.773784297052337,0.750700718582081
7,16,0.428571428571429,0.192721141614322,0.783477171324999,0.662924330842685
7,17,0.333333333333333,0.158127288706328,0.671991314708773,0.61405061136657
7,18,0.428571428571429,0.165097409480586,0.722504379652021,0.399735057564975
7,19,0.380952380952381,0.192256077017058,0.63740827432353,0.925105834197908
7,20,0.333333333333333,0.185152397553016,0.672926584910453,0.778925486256355
7,21,0.285714285714286,0.163966114992944,0.552865605150556,0.656399963905953
7,22,0.333333333333333,0.178961966460344,0.600837989235182,0.552908845780023
7,23,0.285714285714286,0.199198446783709,0.613270437026617,0.824323508892881
7,24,0.380952380952381,0.201629615517829,0.870913638679367,0.74929958743706
7,25,0.428571428571429,0.1814472117006,0.783477171324999,0.67728280885263
7,26,0.238095238095238,0.19193985630924,0.505317634710768,0.622999190205149
7,27,0.333333333333333,0.225212827904322,0.672926584910453,0.859469527120445
7,28,0.285714285714286,0.157391838386228,0.630463541158059,0.636335871375762
7,29,0.333333333333333,0.210413387535798,0.672926584910453,0.747285342645029
7,30,0.285714285714286,0.145957166864608,0.630463541158059,0.621251793515372
8,9,0.428571428571429,0.166459771503658,0.756522996362409,0.451344361646293
8,10,0.285714285714286,0.149372213697297,0.613270437026617,0.420973581521235
8,11,0.285714285714286,0.181086710627888,0.638394211918718,0.694025931994111
8,12,0.238095238095238,0.108967635263587,0.675724628517346,0.536030866431135
8,13,0.238095238095238,0.133606737908167,0.506560730401505,0.524430452293018
8,14,0.476190476190476,0.163066414843797,0.811086700186932,0.431996011619429
8,15,0.380952380952381,0.179658822715039,0.711981909175866,0.553993616787499
8,16,0.333333333333333,0.152010209035304,0.664461762603586,0.475143564450608
8,17,0.380952380952381,0.165502788915879,0.626460557568215,0.504776342922141
8,18,0.333333333333333,0.138774946410689,0.571877631278959,0.385623687067615
8,19,0.333333333333333,0.153835667259765,0.580609092452912,0.874761996389912
8,20,0.333333333333333,0.159448089243116,0.664461762603586,0.595124516962666
8,21,0.238095238095238,0.10844144440285,0.454190827930398,0.423156627186387
8,22,0.333333333333333,0.127036196901201,0.571877631278959,0.316207779453721
8,23,0.285714285714286,0.157619026410128,0.665407616125247,0.680606530303071
8,24,0.285714285714286,0.164401870043302,0.799370821766609,0.657287271246681
8,25,0.285714285714286,0.143245224378809,0.62142056774183,0.415661950962561
8,26,0.285714285714286,0.146248591335432,0.558524561263505,0.37838980720956
8,27,0.19047619047619,0.178219678097867,0.524853977895955,0.729601834681166
8,28,0.238095238095238,0.124266698102947,0.566352113954854,0.533623554973789
8,29,0.19047619047619,0.154285083850363,0.515178420580139,0.636241511782896
8,30,0.238095238095238,0.112417993830287,0.575167462625358,0.310418415742699
9,10,0.285714285714286,0.118609227183834,0.540207274452195,0.38542264244453
9,11,0.333333333333333,0.185099285422528,0.690456052003621,0.64013583499701
9,12,0.380952380952381,0.150713310462004,0.712864714114067,0.48166965765037
9,13,0.380952380952381,0.212954597728812,0.795427182409379,0.748598646954255
9,14,0.285714285714286,0.128404419145666,0.716385055099429,0.525272412733314
9,15,0.333333333333333,0.151238399527476,0.571877631278959,0.484328850000417
9,16,0.428571428571429,0.150496288310643,0.634441268574515,0.35658566145136
9,17,0.476190476190476,0.200101138496543,0.779453122266709,0.660292127668252
9,18,0.333333333333333,0.14206374636885,0.645253594533081,0.518232338854488
9,19,0.428571428571429,0.184890301284555,0.807979076882097,0.895777006510072
9,20,0.380952380952381,0.16772754981199,0.634441268574515,0.677718585751522
9,21,0.428571428571429,0.162420509258665,0.756522996362409,0.451219513996992
9,22,0.428571428571429,0.196137967656286,0.756522996362409,0.457417616553901
9,23,0.285714285714286,0.177897180110753,0.683130051063973,0.622979112425672
9,24,0.380952380952381,0.195981973522822,0.853406050360819,0.763220272499834
9,25,0.285714285714286,0.113503699785828,0.486290023978884,0.378208420859542
9,26,0.380952380952381,0.202445016645271,0.817266497723898,0.669718527091478
9,27,0.380952380952381,0.213305498022525,0.634441268574515,0.798073149882437
9,28,0.380952380952381,0.142904339576118,0.634441268574515,0.306774048063816
9,29,0.428571428571429,0.192203633812366,0.676654738563269,0.583099153466323
9,30,0.380952380952381,0.1526131444322,0.694995588420911,0.442116474340795
10,11,0.333333333333333,0.183593652123948,0.552865605150556,0.666680848706209
10,12,0.285714285714286,0.145647584955151,0.614295116833951,0.382313694368212
10,13,0.333333333333333,0.195244977236927,0.653004666399577,0.749768010349179
10,14,0.428571428571429,0.132870319852713,0.716385055099429,0.501606587451097
10,15,0.19047619047619,0.134200687509616,0.470514237615337,0.316642530774102
10,16,0.333333333333333,0.177495351244156,0.622431830522668,0.319254583585268
10,17,0.380952380952381,0.210545889609016,0.746480210322093,0.735574571735118
10,18,0.19047619047619,0.148840187283191,0.5795248541726,0.586675560006875
10,19,0.476190476190476,0.208217625662768,0.756522996362409,0.980480424337298
10,20,0.238095238095238,0.124009381165986,0.526050909844691,0.616964276473998
10,21,0.285714285714286,0.140379466401003,0.668237143911609,0.604463792008758
10,22,0.333333333333333,0.147484643780861,0.708439688648815,0.543134901393304
10,23,0.285714285714286,0.157993018084999,0.534354368556081,0.679854378465408
10,24,0.380952380952381,0.192896303066739,0.804859454897788,0.71619621068754
10,25,0.142857142857143,0.106389406701956,0.40747728261715,0.363027053142132
10,26,0.380952380952381,0.162160301741501,0.694090056325048,0.560330884759201
10,27,0.19047619047619,0.186059219524989,0.470514237615337,0.755465679879296
10,28,0.142857142857143,0.108298142864311,0.40747728261715,0.437391578979181
10,29,0.19047619047619,0.167996384381502,0.470514237615337,0.587646214354375
10,30,0.19047619047619,0.127816807933936,0.549442255794756,0.40058418017642
11,12,0.238095238095238,0.165800255785078,0.62946518179669,0.682455402911203
11,13,0.333333333333333,0.18577403979763,0.665407616125247,0.58160497606959
11,14,0.333333333333333,0.155318600098725,0.701301575195058,0.692721777323595
11,15,0.285714285714286,0.140158766629422,0.683130051063973,0.608213062812585
11,16,0.380952380952381,0.19519667273565,0.675724628517346,0.650073312635008
11,17,0.333333333333333,0.205407458359258,0.811861747377807,0.587444836558852
11,18,0.380952380952381,0.162968664434414,0.740559027327312,0.695448588201838
11,19,0.333333333333333,0.175430362361007,0.650108844297601,0.520000106202714
11,20,0.380952380952381,0.161996665896896,0.600837989235182,0.456529738675448
11,21,0.333333333333333,0.16232980189618,0.665407616125247,0.704618514473249
11,22,0.380952380952381,0.173629697020903,0.705771356423006,0.651253556945866
11,23,0.142857142857143,0.103304860394667,0.40747728261715,0.272691875770959
11,24,0.333333333333333,0.14927118340425,0.862933420404097,0.418094981095368
11,25,0.333333333333333,0.201613555911142,0.633449178415459,0.686675597823418
11,26,0.285714285714286,0.194771530570758,0.669177661117259,0.8135992548626
11,27,0.238095238095238,0.167143610073752,0.441552435684732,0.418605219159056
11,28,0.285714285714286,0.174678501076654,0.500314366582457,0.620951671523314
11,29,0.285714285714286,0.152358007206416,0.500314366582457,0.289490651555294
11,30,0.285714285714286,0.177965283102038,0.575167462625358,0.719850199177217
12,13,0.285714285714286,0.15934384512189,0.671991314708773,0.804291607059631
12,14,0.333333333333333,0.158405195591859,0.687717947157676,0.69778818973405
12,15,0.19047619047619,0.123969125440513,0.554002020748761,0.360232950654295
12,16,0.285714285714286,0.0967065474239817,0.646227562777294,0.281543600218513
12,17,0.285714285714286,0.185985804007193,0.759841095602257,0.758685153859591
12,18,0.428571428571429,0.176022760333988,0.862204283459027,0.777696655648524
12,19,0.333333333333333,0.166034192131558,0.832515321784704,0.982219470584352
12,20,0.238095238095238,0.168047945362121,0.567461521705527,0.641537124876996
12,21,0.285714285714286,0.120521722858452,0.732875786364234,0.614609981862298
12,22,0.333333333333333,0.13915526682862,0.769709575222161,0.59102448527276
12,23,0.238095238095238,0.134364686763633,0.660664807161229,0.606837182824985
12,24,0.19047619047619,0.15175778626333,0.609154481547938,0.773283126389501
12,25,0.285714285714286,0.152403040539666,0.646227562777294,0.454337934519189
12,26,0.19047619047619,0.149490475875231,0.617358951884314,0.63949223439258
12,27,0.142857142857143,0.170818911831926,0.459696372312183,0.772011096676152
12,28,0.142857142857143,0.116669254661132,0.459696372312183,0.530492247699709
12,29,0.0952380952380952,0.136803066094609,0.394936504728666,0.593612738250853
12,30,0.238095238095238,0.10785044044726,0.634441268574515,0.470593790583638
13,14,0.428571428571429,0.197655519255946,0.732875786364234,0.684649888521416
13,15,0.380952380952381,0.194534798533439,0.756522996362409,0.816911554262551
13,16,0.428571428571429,0.188540419341285,0.792258137209611,0.778766826194678
13,17,0.428571428571429,0.143521803665191,0.747322263844545,0.300472045686748
13,18,0.380952380952381,0.162043632143116,0.709326902131909,0.521756815148989
13,19,0.285714285714286,0.144390414975567,0.622431830522668,0.537210566331803
13,20,0.285714285714286,0.183262073353271,0.641342930667347,0.512273275093012
13,21,0.285714285714286,0.147093002735233,0.549442255794756,0.636154847784329
13,22,0.238095238095238,0.135966717829999,0.535530067157941,0.54203518256261
13,23,0.19047619047619,0.138562887319702,0.521246691315683,0.564897023955567
13,24,0.380952380952381,0.166352412357894,0.773784297052337,0.459303105764673
13,25,0.428571428571429,0.213979750270684,0.792258137209611,0.715595698072365
13,26,0.142857142857143,0.14119806578126,0.292462974058202,0.551568398079969
13,27,0.238095238095238,0.160770291861827,0.596636273425691,0.534204044244854
13,28,0.285714285714286,0.185939315510078,0.609154481547938,0.789562324796932
13,29,0.333333333333333,0.158356590480591,0.653004666399577,0.589512490721673
13,30,0.19047619047619,0.138325039011759,0.548296389571927,0.671912328477158
14,15,0.380952380952381,0.152700379299091,0.7962174728998,0.644996931720379
14,16,0.476190476190476,0.184278493077052,0.811861747377807,0.608745757929274
14,17,0.380952380952381,0.197674595986462,0.844516161579997,0.682750328437941
14,18,0.333333333333333,0.127459294490568,0.785881710496613,0.507891902153509
14,19,0.333333333333333,0.17208667211339,0.739709274864629,0.901423130860982
14,20,0.428571428571429,0.143196621200692,0.716385055099429,0.666167032238624
14,21,0.380952380952381,0.143724154972955,0.732875786364234,0.593085246658853
14,22,0.380952380952381,0.172071338735897,0.732875786364234,0.523183123600816
14,23,0.380952380952381,0.171436252002649,0.739709274864629,0.752179457401412
14,24,0.285714285714286,0.1598958245125,0.697705133154536,0.616633684762724
14,25,0.380952380952381,0.131124365642965,0.740559027327312,0.53509755545436
14,26,0.285714285714286,0.15759428224449,0.668237143911609,0.60830302576836
14,27,0.476190476190476,0.20107539012008,0.754024839855755,0.773773985154882
14,28,0.428571428571429,0.157772915862464,0.716385055099429,0.631521806729492
14,29,0.428571428571429,0.190341875446414,0.716385055099429,0.709442536126294
14,30,0.428571428571429,0.15034846316718,0.657802707896314,0.419330880008525
15,16,0.285714285714286,0.141263185801099,0.576259899436108,0.34550029025479
15,17,0.238095238095238,0.172879618521434,0.625455808633559,0.780910026533152
15,18,0.333333333333333,0.152448766945588,0.708439688648815,0.693949859645619
15,19,0.380952380952381,0.191947837359133,0.763144768118683,1
15,20,0.333333333333333,0.160442322962509,0.622431830522668,0.628585716593193
15,21,0.333333333333333,0.14777640025281,0.708439688648815,0.676042067201091
15,22,0.333333333333333,0.16462774519285,0.708439688648815,0.61310035506117
15,23,0.285714285714286,0.139973510726886,0.641342930667347,0.62662692947663
15,24,0.285714285714286,0.146296661265604,0.704879667682328,0.752877752620577
15,25,0.238095238095238,0.139666944799338,0.526050909844691,0.470904750420056
15,26,0.285714285714286,0.169291942920594,0.708439688648815,0.688572147548738
15,27,0.238095238095238,0.15323274902676,0.526050909844691,0.747024261282749
15,28,0.142857142857143,0.120649353895731,0.40747728261715,0.440087521098453
15,29,0.19047619047619,0.121950770932843,0.470514237615337,0.51041291497094
15,30,0.238095238095238,0.138915136067985,0.597689471550667,0.533379786928559
16,17,0.285714285714286,0.182966100708395,0.668237143911609,0.740618107278092
16,18,0.333333333333333,0.184348157095828,0.708439688648815,0.648681856335658
16,19,0.428571428571429,0.185946553077749,0.715506593634602,0.960673227856405
16,20,0.238095238095238,0.194980267686946,0.526050909844691,0.690624031551367
16,21,0.19047619047619,0.134743094555138,0.5795248541726,0.563294754858208
16,22,0.333333333333333,0.165849867761752,0.708439688648815,0.543269257301055
16,23,0.380952380952381,0.171155064341026,0.668237143911609,0.632720084139645
16,24,0.428571428571429,0.175749274032268,0.865117144065458,0.747168399771237
16,25,0.238095238095238,0.167097393937939,0.526050909844691,0.429302696776436
16,26,0.428571428571429,0.210380104575484,0.792258137209611,0.667278241898822
16,27,0.238095238095238,0.17278958363617,0.526050909844691,0.762261880700358
16,28,0.238095238095238,0.148174392535057,0.526050909844691,0.383262150527928
16,29,0.19047619047619,0.148072233272812,0.470514237615337,0.547763650288404
16,30,0.333333333333333,0.138182398022237,0.684050091953716,0.43540979768178
17,18,0.333333333333333,0.138181858601771,0.622431830522668,0.482332651382854
17,19,0.333333333333333,0.146707667356686,0.676654738563269,0.551409100443751
17,20,0.380952380952381,0.181611561142968,0.746480210322093,0.498164775833515
17,21,0.285714285714286,0.173101117522533,0.576259899436108,0.505177352496831
17,22,0.333333333333333,0.185201190978536,0.622431830522668,0.453119027267177
17,23,0.428571428571429,0.210512446670112,0.845260556754562,0.542481310029126
17,24,0.380952380952381,0.173261460390844,0.842279028745315,0.534182892768583
17,25,0.333333333333333,0.174990724070307,0.708439688648815,0.614630190851419
17,26,0.333333333333333,0.18951306800399,0.698605979408571,0.564880271166144
17,27,0.333333333333333,0.181417396487518,0.708439688648815,0.568801455646477
17,28,0.285714285714286,0.180919443486355,0.668237143911609,0.716734939140882
17,29,0.285714285714286,0.169594204682406,0.668237143911609,0.579139341689509
17,30,0.333333333333333,0.193981919648718,0.708439688648815,0.617700859845525
18,19,0.380952380952381,0.178882242416831,0.661616088873755,0.852614843054419
18,20,0.333333333333333,0.148827078961851,0.708439688648815,0.716332440850753
18,21,0.19047619047619,0.122842753711769,0.470514237615337,0.468426972942971
18,22,0.285714285714286,0.146599526671249,0.576259899436108,0.380935839804444
18,23,0.428571428571429,0.198550343936027,0.799370821766609,0.750900803990539
18,24,0.476190476190476,0.170550740220669,0.951661902861773,0.702596032798686
18,25,0.238095238095238,0.130843012235298,0.625455808633559,0.564282349485087
18,26,0.428571428571429,0.179018393335244,0.747322263844545,0.546308684928102
18,27,0.333333333333333,0.183804029107851,0.708439688648815,0.796466354301564
18,28,0.333333333333333,0.160497130873143,0.708439688648815,0.556676782882344
18,29,0.333333333333333,0.177683061777799,0.708439688648815,0.683587645505379
18,30,0.333333333333333,0.163061087318238,0.708439688648815,0.541396026883564
19,20,0.380952380952381,0.180426161990268,0.739709274864629,0.569216835672701
19,21,0.285714285714286,0.156867287505992,0.530811648599867,0.834007835186102
19,22,0.285714285714286,0.174438413242427,0.606049170846951,0.817923347131022
19,23,0.333333333333333,0.164195789693855,0.650108844297601,0.486664353702716
19,24,0.380952380952381,0.146600905415654,0.932973875074928,0.510338166804765
19,25,0.476190476190476,0.197994659214649,0.753190279733001,0.878619467054522
19,26,0.238095238095238,0.19344004390864,0.571877631278959,0.928495299769394
19,27,0.380952380952381,0.170897290392925,0.739709274864629,0.488562347787436
19,28,0.333333333333333,0.167810867925231,0.63740827432353,0.930461720608682
19,29,0.333333333333333,0.141452739335361,0.63740827432353,0.595663832281575
19,30,0.380952380952381,0.164402787386068,0.739709274864629,0.911819875433293
20,21,0.238095238095238,0.165446530280244,0.625455808633559,0.682456112959321
20,22,0.19047619047619,0.151451940098968,0.5795248541726,0.605143615856799
20,23,0.285714285714286,0.158810821860066,0.534354368556081,0.403799932434778
20,24,0.380952380952381,0.151628568580561,0.804859454897788,0.41384658963015
20,25,0.238095238095238,0.124681811455645,0.526050909844691,0.566514228730441
20,26,0.333333333333333,0.177536679039852,0.653004666399577,0.645030935421421
20,27,0.142857142857143,0.122112503466859,0.40747728261715,0.31372575186567
20,28,0.238095238095238,0.155740158382753,0.526050909844691,0.716651278499388
20,29,0.19047619047619,0.145768034070622,0.470514237615337,0.415225930215946
20,30,0.238095238095238,0.158443872124587,0.597689471550667,0.618650983215216
21,22,0.142857142857143,0.0696422459349397,0.40747728261715,0.209946365293976
21,23,0.333333333333333,0.141262535683136,0.691366343832015,0.637392007166867
21,24,0.380952380952381,0.163129438545512,0.865843828060924,0.770599153308935
21,25,0.333333333333333,0.142924239657827,0.708439688648815,0.39203037595296
21,26,0.285714285714286,0.141221205785704,0.549442255794756,0.538479179020482
21,27,0.238095238095238,0.179211488404993,0.625455808633559,0.792988955130555
21,28,0.19047619047619,0.125859248189621,0.5795248541726,0.506134240883944
21,29,0.19047619047619,0.150882982093587,0.5795248541726,0.675013042020574
21,30,0.238095238095238,0.0870457330227273,0.625455808633559,0.366254203471726
22,23,0.333333333333333,0.146163913931632,0.691366343832015,0.612842756485808
22,24,0.333333333333333,0.176514900112677,0.833270437878069,0.690548265809695
22,25,0.333333333333333,0.169656182746168,0.708439688648815,0.414706606562513
22,26,0.285714285714286,0.123097339440945,0.549442255794756,0.448517546031926
22,27,0.238095238095238,0.188227296057417,0.625455808633559,0.736902431329922
22,28,0.285714285714286,0.153543573845323,0.668237143911609,0.502611962265168
22,29,0.285714285714286,0.172673656836307,0.668237143911609,0.623391193453184
22,30,0.238095238095238,0.109753523470068,0.625455808633559,0.352832471744948
23,24,0.333333333333333,0.144664498117691,0.811861747377807,0.489040323424629
23,25,0.380952380952381,0.184705962726802,0.668237143911609,0.625464347424183
23,26,0.142857142857143,0.163638371295636,0.530811648599867,0.778847344873204
23,27,0.238095238095238,0.178424110468753,0.479779823716341,0.429078676147513
23,28,0.238095238095238,0.146522894509118,0.479779823716341,0.616911606153205
23,29,0.285714285714286,0.132695438819415,0.534354368556081,0.291737546625078
23,30,0.238095238095238,0.127874443731735,0.55739736624725,0.672948291265507
24,25,0.333333333333333,0.196583772561832,0.798583651884136,0.744449553424213
24,26,0.285714285714286,0.170731754007348,0.733733452879323,0.742537451677481
24,27,0.285714285714286,0.112654999296149,0.732875786364234,0.33222216183881
24,28,0.285714285714286,0.185543907154966,0.732875786364234,0.809667484236816
24,29,0.238095238095238,0.135248123910079,0.694090056325048,0.492334972893878
24,30,0.285714285714286,0.159974425655659,0.675724628517346,0.697622554303751
25,26,0.476190476190476,0.192742863405983,0.82644955558372,0.503816837798088
25,27,0.19047619047619,0.181939027878716,0.470514237615337,0.732737201741885
25,28,0.238095238095238,0.116423619915495,0.526050909844691,0.458747003206926
25,29,0.19047619047619,0.165500024843342,0.470514237615337,0.601061435395576
25,30,0.285714285714286,0.129813429754582,0.642322828764634,0.29570158238313
26,27,0.333333333333333,0.19314247865941,0.653004666399577,0.799330330444823
26,28,0.238095238095238,0.168319444054567,0.561892579093417,0.765703871665188
26,29,0.285714285714286,0.204233446148112,0.609154481547938,0.79682219019111
26,30,0.285714285714286,0.15542424086407,0.609154481547938,0.468959971400121
27,28,0.142857142857143,0.170824680229377,0.40747728261715,0.795913205726371
27,29,0.0952380952380952,0.124353984595007,0.332703808062624,0.406994602825361
27,30,0.0952380952380952,0.161277420108025,0.437258468818454,0.755063049297008
28,29,0.0476190476190476,0.107388704717006,0.235257118807669,0.500729257461009
28,30,0.142857142857143,0.115571326714303,0.496528831492336,0.525905022965388
29,30,0.19047619047619,0.15342652650939,0.549442255794756,0.669526186304445
